Type,Name,Request Count,Failure Count,Median Response Time,Average Response Time,Min Response Time,Max Response Time,Average Content Size,Requests/s,Failures/s,50%,66%,75%,80%,90%,95%,98%,99%,99.9%,99.99%,100%
POST,/api/v1/chat/stream,2,0,2007.6359000522643,2011.0889000352472,2007.6359000522643,2014.54190001823,0.0,0.0836530093315209,0.0,2000,2000,2000,2000,2000,2000,2000,2000,2000,2000,2000
POST,stream_short,2,0,2118,2512.5,2118,2907,195.0,0.0836530093315209,0.0,2900,2900,2900,2900,2900,2900,2900,2900,2900,2900,2900
,Aggregated,4,0,2007.6359000522643,2261.7944500176236,2007.6359000522643,2907,97.5,0.1673060186630418,0.0,2100,2100,2900,2900,2900,2900,2900,2900,2900,2900,2900
