Type,Name,Request Count,Failure Count,Median Response Time,Average Response Time,Min Response Time,Max Response Time,Average Content Size,Requests/s,Failures/s,50%,66%,75%,80%,90%,95%,98%,99%,99.9%,99.99%,100%
POST,/api/v1/chat/stream,120,2,2007.59829999879,2032.8798966812126,2007.59829999879,2862.4605000950396,0.0,2.1766914716461314,0.03627819119410219,2000,2000,2000,2000,2000,2000,2000,2900,2900,2900,2900
POST,stream_medium,80,0,15000,16751.8625,2872,34661,195.0,1.4511276477640875,0.0,16000,19000,24000,26000,33000,33000,35000,35000,35000,35000,35000
POST,stream_short,38,0,16000,17454.57894736842,2169,34386,205.42105263157896,0.6892856326879416,0.0,17000,21000,23000,26000,29000,32000,34000,34000,34000,34000,34000
,Aggregated,238,2,2200,9442.725157990528,2007.59829999879,34661,98.34453781512605,4.31710475209816,0.03627819119410219,2900,11000,16000,19000,26000,32000,33000,35000,35000,35000,35000
