Type,Name,Request Count,Failure Count,Median Response Time,Average Response Time,Min Response Time,Max Response Time,Average Content Size,Requests/s,Failures/s,50%,66%,75%,80%,90%,95%,98%,99%,99.9%,99.99%,100%
POST,/api/v1/chat/stream,2,0,2005.7556999381632,2012.3677499359474,2005.7556999381632,2018.9797999337316,0.0,0.0838465094783168,0.0,2000,2000,2000,2000,2000,2000,2000,2000,2000,2000,2000
POST,stream_medium,1,0,2851,2851.0,2851,2851,250.0,0.0419232547391584,0.0,2900,2900,2900,2900,2900,2900,2900,2900,2900,2900,2900
POST,stream_short,1,0,2142,2142.0,2142,2142,247.0,0.0419232547391584,0.0,2100,2100,2100,2100,2100,2100,2100,2100,2100,2100,2100
,Aggregated,4,0,2005.7556999381632,2254.4338749679737,2005.7556999381632,2851,124.25,0.1676930189566336,0.0,2100,2100,2900,2900,2900,2900,2900,2900,2900,2900,2900
