Type,Name,Request Count,Failure Count,Median Response Time,Average Response Time,Min Response Time,Max Response Time,Average Content Size,Requests/s,Failures/s,50%,66%,75%,80%,90%,95%,98%,99%,99.9%,99.99%,100%
POST,/api/v1/chat/stream,126,0,2008.2922999281436,2019.4437118941948,2008.2922999281436,2036.4334001205862,0.0,2.355895842807476,0.0,2000,2000,2000,2000,2000,2000,2000,2000,2000,2000,2000
POST,stream_medium,94,0,17000,18051.372340425532,2159,33462,253.17021276595744,1.7575730890785932,0.0,17000,20000,24000,26000,30000,33000,33000,33000,33000,33000,33000
POST,stream_short,32,0,15000,16567.65625,3541,33469,233.25,0.5983227537288828,0.0,15000,17000,27000,27000,33000,33000,33000,33000,33000,33000,33000
,Aggregated,252,0,2008.2922999281436,9846.999633724876,2008.2922999281436,33469,124.05555555555556,4.711791685614952,0.0,2200,13000,17000,18000,26000,31000,33000,33000,33000,33000,33000
